{
    "note_type": 2,
    "time": 13.994648933410645,
    "position_x": 0.4422789216041565,
    "position_y": 3.122373342514038,
    "position_z": 54.0
}