{
    "note_type": 2,
    "time": 13.738661766052246,
    "position_x": -1.1491369009017945,
    "position_y": 2.2838926315307619,
    "position_z": 54.0
}