{
    "note_type": 2,
    "time": 13.845328330993653,
    "position_x": -0.0854601114988327,
    "position_y": 3.2946724891662599,
    "position_z": 54.0
}