{
    "note_type": 2,
    "time": 13.375986099243164,
    "position_x": 0.7264161109924316,
    "position_y": 3.0267598628997804,
    "position_z": 54.0
}