{
    "note_type": 2,
    "time": 13.269319534301758,
    "position_x": -0.4525795578956604,
    "position_y": 3.0198590755462648,
    "position_z": 54.0
}