{
    "note_type": 2,
    "time": 13.951995849609375,
    "position_x": 0.4605720639228821,
    "position_y": 3.1799044609069826,
    "position_z": 54.0
}