{
    "note_type": 2,
    "time": 13.439977645874024,
    "position_x": 1.2224153280258179,
    "position_y": 2.2226006984710695,
    "position_z": 54.0
}