{
    "note_type": 2,
    "time": 13.567981719970704,
    "position_x": 0.32344651222229006,
    "position_y": 0.7366266250610352,
    "position_z": 54.0
}