{
    "note_type": 2,
    "time": 13.653310775756836,
    "position_x": -1.1016000509262086,
    "position_y": 1.5701912641525269,
    "position_z": 54.0
}