{
    "note_type": 1,
    "time": 5.951995372772217,
    "position_x": 0.8093592524528503,
    "position_y": 2.655747890472412,
    "position_z": 54.0
}