{
    "note_type": 2,
    "time": 13.866643905639649,
    "position_x": 0.041465774178504947,
    "position_y": 3.299511671066284,
    "position_z": 54.0
}