{
    "note_type": 2,
    "time": 13.973310470581055,
    "position_x": 0.470573365688324,
    "position_y": 3.1405797004699709,
    "position_z": 54.0
}