{
    "note_type": 2,
    "time": 13.50399112701416,
    "position_x": 1.0017679929733277,
    "position_y": 1.055387258529663,
    "position_z": 54.0
}