{
    "note_type": 2,
    "time": 13.333311080932618,
    "position_x": 0.09669379889965058,
    "position_y": 3.1638739109039308,
    "position_z": 54.0
}