{
    "note_type": 2,
    "time": 13.525328636169434,
    "position_x": 0.7288672924041748,
    "position_y": 0.878271758556366,
    "position_z": 54.0
}