{
    "note_type": 1,
    "time": 2.837324380874634,
    "position_x": -0.4404560327529907,
    "position_y": 1.7909996509552003,
    "position_z": 54.0
}