{
    "note_type": 2,
    "time": 13.759977340698243,
    "position_x": -0.9859338402748108,
    "position_y": 2.547436237335205,
    "position_z": 54.0
}