{
    "note_type": 4,
    "time": 18.517324447631837,
    "position_x": -0.5654429793357849,
    "position_y": 2.7737154960632326,
    "position_z": 54.0
}