{
    "note_type": 2,
    "time": 13.54664421081543,
    "position_x": 0.4984540343284607,
    "position_y": 0.8217310905456543,
    "position_z": 54.0
}