{
    "note_type": 2,
    "time": 13.397324562072754,
    "position_x": 0.8861684203147888,
    "position_y": 2.8951616287231447,
    "position_z": 54.0
}