{
    "note_type": 2,
    "time": 13.909319877624512,
    "position_x": 0.26613903045654299,
    "position_y": 3.2546398639678957,
    "position_z": 54.0
}