{
    "note_type": 2,
    "time": 13.951995849609375,
    "position_x": 0.48678892850875857,
    "position_y": 3.166238784790039,
    "position_z": 54.0
}