{
    "note_type": 4,
    "time": 20.50131607055664,
    "position_x": 0.8804259300231934,
    "position_y": 2.842478036880493,
    "position_z": 54.0
}