{
    "note_type": 2,
    "time": 13.418662071228028,
    "position_x": 1.1380600929260255,
    "position_y": 2.4500203132629396,
    "position_z": 54.0
}