{
    "note_type": 2,
    "time": 13.6959867477417,
    "position_x": -1.1487542390823365,
    "position_y": 2.005079746246338,
    "position_z": 54.0
}