{
    "note_type": 4,
    "time": 22.613309860229493,
    "position_x": 0.720811665058136,
    "position_y": 1.448826789855957,
    "position_z": 54.0
}