{
    "note_type": 2,
    "time": 13.35464859008789,
    "position_x": 0.25792980194091799,
    "position_y": 3.1733474731445314,
    "position_z": 54.0
}