{
    "note_type": 2,
    "time": 13.610657691955567,
    "position_x": -0.3256601095199585,
    "position_y": 0.7809441089630127,
    "position_z": 54.0
}