{
    "note_type": 2,
    "time": 13.781314849853516,
    "position_x": -0.899542510509491,
    "position_y": 2.6938209533691408,
    "position_z": 54.0
}