{
    "note_type": 2,
    "time": 13.887981414794922,
    "position_x": 0.16516999900341035,
    "position_y": 3.285644769668579,
    "position_z": 54.0
}