{
    "note_type": 1,
    "time": 6.9119954109191898,
    "position_x": 0.08891548216342926,
    "position_y": 3.010432004928589,
    "position_z": 54.0
}