{
    "note_type": 1,
    "time": 3.882652997970581,
    "position_x": 0.18053796887397767,
    "position_y": 1.4420185089111329,
    "position_z": 54.0
}