{
    "note_type": 2,
    "time": 13.67464828491211,
    "position_x": -1.1717668771743775,
    "position_y": 1.691749095916748,
    "position_z": 54.0
}