{
    "note_type": 2,
    "time": 13.717324256896973,
    "position_x": -1.174004077911377,
    "position_y": 2.1502344608306886,
    "position_z": 54.0
}