{
    "note_type": 2,
    "time": 13.63199520111084,
    "position_x": -0.7776796221733093,
    "position_y": 1.2166748046875,
    "position_z": 54.0
}