{
    "note_type": 2,
    "time": 13.48265266418457,
    "position_x": 1.2033038139343262,
    "position_y": 1.533511757850647,
    "position_z": 54.0
}