{
    "note_type": 2,
    "time": 13.375986099243164,
    "position_x": 0.5220907330513,
    "position_y": 3.1212997436523439,
    "position_z": 54.0
}