{
    "note_type": 2,
    "time": 13.589320182800293,
    "position_x": -0.05020932853221893,
    "position_y": 0.673003613948822,
    "position_z": 54.0
}