{
    "note_type": 2,
    "time": 13.930657386779786,
    "position_x": 0.40106862783432009,
    "position_y": 3.1935818195343019,
    "position_z": 54.0
}