{
    "note_type": 2,
    "time": 13.781314849853516,
    "position_x": -0.7984736561775208,
    "position_y": 2.8436617851257326,
    "position_z": 54.0
}