{
    "note_type": 2,
    "time": 13.738661766052246,
    "position_x": -1.0658838748931885,
    "position_y": 2.4133100509643556,
    "position_z": 54.0
}