{
    "note_type": 2,
    "time": 13.845328330993653,
    "position_x": -0.19316665828227998,
    "position_y": 3.238264560699463,
    "position_z": 54.0
}