{
    "note_type": 1,
    "time": 4.970657825469971,
    "position_x": 0.8556649684906006,
    "position_y": 1.5096461772918702,
    "position_z": 54.0
}