{
    "note_type": 2,
    "time": 13.290657997131348,
    "position_x": -0.39262866973876955,
    "position_y": 3.063398838043213,
    "position_z": 54.0
}