{
    "note_type": 2,
    "time": 13.589320182800293,
    "position_x": 0.14736010134220124,
    "position_y": 0.695452094078064,
    "position_z": 54.0
}