{
    "note_type": 4,
    "time": 24.575986862182618,
    "position_x": -0.6194424033164978,
    "position_y": 1.55755615234375,
    "position_z": 54.0
}