{
    "note_type": 1,
    "time": 8.021315574645996,
    "position_x": -0.7446580529212952,
    "position_y": 2.858280658721924,
    "position_z": 54.0
}