{
    "note_type": 2,
    "time": 13.311995506286621,
    "position_x": -0.32288771867752077,
    "position_y": 3.09810209274292,
    "position_z": 54.0
}