{
    "note_type": 2,
    "time": 13.63199520111084,
    "position_x": -0.5657277703285217,
    "position_y": 0.9593977928161621,
    "position_z": 54.0
}