{
    "note_type": 2,
    "time": 13.973310470581055,
    "position_x": 0.4731643795967102,
    "position_y": 3.127108097076416,
    "position_z": 54.0
}