{
    "note_type": 2,
    "time": 13.418662071228028,
    "position_x": 1.0259088277816773,
    "position_y": 2.67795991897583,
    "position_z": 54.0
}