{
    "note_type": 2,
    "time": 13.48265266418457,
    "position_x": 1.1052932739257813,
    "position_y": 1.239615797996521,
    "position_z": 54.0
}