{
    "note_type": 2,
    "time": 13.653310775756836,
    "position_x": -0.9674851298332214,
    "position_y": 1.4174672365188599,
    "position_z": 54.0
}