{
    "note_type": 2,
    "time": 13.461315155029297,
    "position_x": 1.270009160041809,
    "position_y": 2.02319598197937,
    "position_z": 54.0
}