{
    "note_type": 2,
    "time": 13.6959867477417,
    "position_x": -1.1910563707351685,
    "position_y": 1.8201327323913575,
    "position_z": 54.0
}