{
    "note_type": 2,
    "time": 13.802653312683106,
    "position_x": -0.6590679287910461,
    "position_y": 2.9877381324768068,
    "position_z": 54.0
}