{
    "note_type": 2,
    "time": 13.802653312683106,
    "position_x": -0.4941437840461731,
    "position_y": 3.0979135036468508,
    "position_z": 54.0
}