{
    "note_type": 2,
    "time": 13.525328636169434,
    "position_x": 0.9202809929847717,
    "position_y": 0.9337590336799622,
    "position_z": 54.0
}