{
    "note_type": 2,
    "time": 13.333311080932618,
    "position_x": -0.07366715371608734,
    "position_y": 3.147326707839966,
    "position_z": 54.0
}