{
    "note_type": 2,
    "time": 13.461315155029297,
    "position_x": 1.2577673196792603,
    "position_y": 1.7860243320465088,
    "position_z": 54.0
}