{
    "note_type": 2,
    "time": 13.311995506286621,
    "position_x": -0.1911860555410385,
    "position_y": 3.125734567642212,
    "position_z": 54.0
}