{
    "note_type": 2,
    "time": 13.823990821838379,
    "position_x": -0.337238073348999,
    "position_y": 3.1834404468536379,
    "position_z": 54.0
}