{
    "note_type": 2,
    "time": 13.909319877624512,
    "position_x": 0.3395187258720398,
    "position_y": 3.2132861614227297,
    "position_z": 54.0
}